<?xml version="1.0" encoding="UTF-8"?>
<project-private xmlns="http://www.netbeans.org/ns/project-private/1">
    <editor-bookmarks xmlns="http://www.netbeans.org/ns/editor-bookmarks/2" lastBookmarkId="0"/>
    <open-files xmlns="http://www.netbeans.org/ns/projectui-open-files/2">
        <group>
            <file>file:/C:/CODE/Web%20Programming/Web-Progamming-PTIT/BaiTap/BaiThucHanh2/src/java/controller/ListServlet.java</file>
            <file>file:/C:/CODE/Web%20Programming/Web-Progamming-PTIT/BaiTap/BaiThucHanh2/src/java/data/ProductIO.java</file>
            <file>file:/C:/CODE/Web%20Programming/Web-Progamming-PTIT/BaiTap/BaiThucHanh2/web/list.jsp</file>
        </group>
    </open-files>
</project-private>
