<?xml version="1.0" encoding="UTF-8"?>
<project-private xmlns="http://www.netbeans.org/ns/project-private/1">
    <editor-bookmarks xmlns="http://www.netbeans.org/ns/editor-bookmarks/2" lastBookmarkId="0"/>
    <open-files xmlns="http://www.netbeans.org/ns/projectui-open-files/2">
        <group>
            <file>file:/C:/CODE/Web%20Programming/Web-Progamming-PTIT/BaiTap/BaiThucHanh1/web/login.jsp</file>
            <file>file:/C:/CODE/Web%20Programming/Web-Progamming-PTIT/BaiTap/BaiThucHanh1/web/index.jsp</file>
            <file>file:/C:/CODE/Web%20Programming/Web-Progamming-PTIT/BaiTap/BaiThucHanh1/src/java/data/LoginServlet.java</file>
            <file>file:/C:/CODE/Web%20Programming/Web-Progamming-PTIT/BaiTap/BaiThucHanh1/src/java/data/RegisterServlet.java</file>
            <file>file:/C:/CODE/Web%20Programming/Web-Progamming-PTIT/BaiTap/BaiThucHanh1/src/java/data/Register.java</file>
            <file>file:/C:/CODE/Web%20Programming/Web-Progamming-PTIT/BaiTap/BaiThucHanh1/web/register.jsp</file>
        </group>
    </open-files>
</project-private>
